CASA,FORA,LIGA,CONFIANCA,CONF,VENCEDOR,GOLS,CANTOS,CARTÕES,CHUTES,DEFESAS,DATA
PSG,Roma,Premier League,82%,82%,67% (FAVORITO),1.5+ (AMBOS TEMPOS),10.5 (HT: 5 | FT: 6),3.5 (HT: 1 | FT: 3),12+ (HT: 7 | FT: 10),9+ (GOLEIROS ATIVOS),02/10/2026
Bayern Munich,Roma,Premier League,87%,87%,76% (FAVORITO),1.5+ (AMBOS TEMPOS),9.5 (HT: 4 | FT: 6),4.5 (HT: 1 | FT: 3),15+ (HT: 7 | FT: 8),9+ (GOLEIROS ATIVOS),02/10/2026
Liverpool,Corinthians,La Liga,90%,90%,66% (FAVORITO),1.5+ (AMBOS TEMPOS),10.5 (HT: 4 | FT: 6),3.5 (HT: 1 | FT: 3),18+ (HT: 5 | FT: 8),5+ (GOLEIROS ATIVOS),02/10/2026
Barcelona,Corinthians,La Liga,87%,87%,73% (FAVORITO),1.5+ (AMBOS TEMPOS),11.5 (HT: 5 | FT: 6),5.5 (HT: 1 | FT: 3),15+ (HT: 7 | FT: 9),7+ (GOLEIROS ATIVOS),02/10/2026
Bayer Leverkusen,Chelsea,Premier League,84%,84%,77% (FAVORITO),1.5+ (AMBOS TEMPOS),11.5 (HT: 4 | FT: 6),3.5 (HT: 1 | FT: 3),13+ (HT: 6 | FT: 7),6+ (GOLEIROS ATIVOS),02/10/2026
Barcelona,São Paulo,Série A Tim,91%,91%,79% (FAVORITO),1.5+ (AMBOS TEMPOS),10.5 (HT: 5 | FT: 6),5.5 (HT: 1 | FT: 3),13+ (HT: 6 | FT: 9),6+ (GOLEIROS ATIVOS),02/10/2026
Flamengo,Roma,UEFA Champions League,93%,93%,80% (FAVORITO),1.5+ (AMBOS TEMPOS),8.5 (HT: 5 | FT: 5),4.5 (HT: 1 | FT: 3),18+ (HT: 8 | FT: 7),7+ (GOLEIROS ATIVOS),02/10/2026
Inter Milan,Corinthians,Série A Tim,82%,82%,65% (FAVORITO),1.5+ (AMBOS TEMPOS),11.5 (HT: 3 | FT: 4),5.5 (HT: 1 | FT: 3),12+ (HT: 6 | FT: 7),8+ (GOLEIROS ATIVOS),02/10/2026
Real Madrid,Milan,Série A Tim,98%,98%,80% (FAVORITO),1.5+ (AMBOS TEMPOS),8.5 (HT: 4 | FT: 5),5.5 (HT: 1 | FT: 3),14+ (HT: 7 | FT: 7),5+ (GOLEIROS ATIVOS),02/10/2026
Bayer Leverkusen,Roma,UEFA Champions League,90%,90%,79% (FAVORITO),1.5+ (AMBOS TEMPOS),11.5 (HT: 5 | FT: 4),4.5 (HT: 1 | FT: 3),18+ (HT: 7 | FT: 10),6+ (GOLEIROS ATIVOS),02/10/2026
PSG,Benfica,Série A Tim,93%,93%,71% (FAVORITO),1.5+ (AMBOS TEMPOS),8.5 (HT: 4 | FT: 4),5.5 (HT: 1 | FT: 3),12+ (HT: 7 | FT: 10),5+ (GOLEIROS ATIVOS),02/10/2026
Bayern Munich,Benfica,UEFA Champions League,95%,95%,77% (FAVORITO),1.5+ (AMBOS TEMPOS),10.5 (HT: 3 | FT: 5),4.5 (HT: 1 | FT: 3),16+ (HT: 6 | FT: 10),6+ (GOLEIROS ATIVOS),02/10/2026
PSG,Dortmund,Brasileirão Série A,92%,92%,70% (FAVORITO),1.5+ (AMBOS TEMPOS),11.5 (HT: 4 | FT: 6),5.5 (HT: 1 | FT: 3),16+ (HT: 5 | FT: 7),6+ (GOLEIROS ATIVOS),02/10/2026
Flamengo,Chelsea,Brasileirão Série A,93%,93%,74% (FAVORITO),1.5+ (AMBOS TEMPOS),10.5 (HT: 4 | FT: 5),5.5 (HT: 1 | FT: 3),18+ (HT: 6 | FT: 8),5+ (GOLEIROS ATIVOS),02/10/2026
Bayern Munich,São Paulo,Premier League,91%,91%,74% (FAVORITO),1.5+ (AMBOS TEMPOS),8.5 (HT: 5 | FT: 4),5.5 (HT: 1 | FT: 3),14+ (HT: 6 | FT: 10),8+ (GOLEIROS ATIVOS),02/10/2026
Arsenal,Corinthians,Brasileirão Série A,89%,89%,74% (FAVORITO),1.5+ (AMBOS TEMPOS),9.5 (HT: 5 | FT: 4),3.5 (HT: 1 | FT: 3),15+ (HT: 6 | FT: 7),5+ (GOLEIROS ATIVOS),02/10/2026
Liverpool,Roma,Bundesliga,94%,94%,67% (FAVORITO),1.5+ (AMBOS TEMPOS),11.5 (HT: 4 | FT: 6),3.5 (HT: 1 | FT: 3),17+ (HT: 8 | FT: 7),5+ (GOLEIROS ATIVOS),02/10/2026
Flamengo,Corinthians,UEFA Champions League,82%,82%,78% (FAVORITO),1.5+ (AMBOS TEMPOS),8.5 (HT: 4 | FT: 4),3.5 (HT: 1 | FT: 3),12+ (HT: 8 | FT: 9),6+ (GOLEIROS ATIVOS),02/10/2026
Arsenal,Roma,Bundesliga,96%,96%,71% (FAVORITO),1.5+ (AMBOS TEMPOS),9.5 (HT: 5 | FT: 4),5.5 (HT: 1 | FT: 3),13+ (HT: 8 | FT: 10),7+ (GOLEIROS ATIVOS),02/10/2026
Real Madrid,Dortmund,Premier League,98%,98%,65% (FAVORITO),1.5+ (AMBOS TEMPOS),8.5 (HT: 3 | FT: 6),4.5 (HT: 1 | FT: 3),17+ (HT: 6 | FT: 9),5+ (GOLEIROS ATIVOS),02/10/2026
