CASA,FORA,LIGA,CONFIANCA,CONF,VENCEDOR,GOLS,CANTOS,CARTÕES,CHUTES,DEFESAS,DATA,RESULTADO_IA
Inter Milan,Vasco,La Liga,83%,83%,71% (FAVORITO),1.5+ (AMBOS TEMPOS),11.5 (HT: 4 | FT: 4),5.5 (HT: 1 | FT: 3),18+ (HT: 8 | FT: 10),7+ (GOLEIROS ATIVOS),06/10/2026,GREEN ✅
Liverpool,Chelsea,UEFA Champions League,85%,85%,65% (FAVORITO),1.5+ (AMBOS TEMPOS),9.5 (HT: 5 | FT: 5),3.5 (HT: 1 | FT: 3),15+ (HT: 8 | FT: 7),8+ (GOLEIROS ATIVOS),06/10/2026,GREEN ✅
PSG,Chelsea,Brasileirão Série A,95%,95%,76% (FAVORITO),1.5+ (AMBOS TEMPOS),9.5 (HT: 4 | FT: 5),3.5 (HT: 1 | FT: 3),18+ (HT: 5 | FT: 8),9+ (GOLEIROS ATIVOS),06/10/2026,GREEN ✅
Bayern Munich,Vasco,Série A Tim,86%,86%,76% (FAVORITO),1.5+ (AMBOS TEMPOS),11.5 (HT: 4 | FT: 4),5.5 (HT: 1 | FT: 3),18+ (HT: 8 | FT: 10),7+ (GOLEIROS ATIVOS),06/10/2026,GREEN ✅
Liverpool,Vasco,Premier League,89%,89%,80% (FAVORITO),1.5+ (AMBOS TEMPOS),8.5 (HT: 3 | FT: 5),4.5 (HT: 1 | FT: 3),17+ (HT: 6 | FT: 7),8+ (GOLEIROS ATIVOS),06/10/2026,GREEN ✅
PSG,Atletico Madrid,Premier League,88%,88%,77% (FAVORITO),1.5+ (AMBOS TEMPOS),11.5 (HT: 3 | FT: 6),4.5 (HT: 1 | FT: 3),14+ (HT: 5 | FT: 8),9+ (GOLEIROS ATIVOS),06/10/2026,GREEN ✅
Barcelona,Sporting,Série A Tim,97%,97%,67% (FAVORITO),1.5+ (AMBOS TEMPOS),10.5 (HT: 5 | FT: 5),4.5 (HT: 1 | FT: 3),17+ (HT: 8 | FT: 10),6+ (GOLEIROS ATIVOS),06/10/2026,GREEN ✅
Liverpool,Chelsea,Série A Tim,98%,98%,72% (FAVORITO),1.5+ (AMBOS TEMPOS),9.5 (HT: 5 | FT: 5),5.5 (HT: 1 | FT: 3),13+ (HT: 7 | FT: 9),8+ (GOLEIROS ATIVOS),06/10/2026,RED ❌
Arsenal,São Paulo,Bundesliga,92%,92%,66% (FAVORITO),1.5+ (AMBOS TEMPOS),10.5 (HT: 3 | FT: 5),4.5 (HT: 1 | FT: 3),15+ (HT: 6 | FT: 9),5+ (GOLEIROS ATIVOS),06/10/2026,GREEN ✅
Bayern Munich,Vasco,La Liga,94%,94%,66% (FAVORITO),1.5+ (AMBOS TEMPOS),9.5 (HT: 3 | FT: 4),4.5 (HT: 1 | FT: 3),12+ (HT: 7 | FT: 10),6+ (GOLEIROS ATIVOS),06/10/2026,GREEN ✅
Inter Milan,Porto,La Liga,95%,95%,65% (FAVORITO),1.5+ (AMBOS TEMPOS),9.5 (HT: 5 | FT: 5),4.5 (HT: 1 | FT: 3),15+ (HT: 8 | FT: 8),6+ (GOLEIROS ATIVOS),06/10/2026,GREEN ✅
Arsenal,Napoli,Premier League,89%,89%,72% (FAVORITO),1.5+ (AMBOS TEMPOS),8.5 (HT: 3 | FT: 5),5.5 (HT: 1 | FT: 3),12+ (HT: 7 | FT: 7),8+ (GOLEIROS ATIVOS),06/10/2026,GREEN ✅
Juventus,Vasco,Série A Tim,82%,82%,75% (FAVORITO),1.5+ (AMBOS TEMPOS),10.5 (HT: 4 | FT: 5),4.5 (HT: 1 | FT: 3),13+ (HT: 5 | FT: 7),6+ (GOLEIROS ATIVOS),06/10/2026,GREEN ✅
Flamengo,Roma,La Liga,89%,89%,66% (FAVORITO),1.5+ (AMBOS TEMPOS),8.5 (HT: 3 | FT: 6),3.5 (HT: 1 | FT: 3),12+ (HT: 8 | FT: 8),8+ (GOLEIROS ATIVOS),06/10/2026,GREEN ✅
Bayer Leverkusen,Porto,La Liga,85%,85%,80% (FAVORITO),1.5+ (AMBOS TEMPOS),11.5 (HT: 4 | FT: 4),4.5 (HT: 1 | FT: 3),16+ (HT: 8 | FT: 7),8+ (GOLEIROS ATIVOS),06/10/2026,GREEN ✅
PSG,São Paulo,Brasileirão Série A,94%,94%,72% (FAVORITO),1.5+ (AMBOS TEMPOS),9.5 (HT: 3 | FT: 5),3.5 (HT: 1 | FT: 3),18+ (HT: 6 | FT: 8),5+ (GOLEIROS ATIVOS),06/10/2026,GREEN ✅
Flamengo,Roma,Bundesliga,97%,97%,77% (FAVORITO),1.5+ (AMBOS TEMPOS),11.5 (HT: 4 | FT: 6),3.5 (HT: 1 | FT: 3),17+ (HT: 7 | FT: 7),9+ (GOLEIROS ATIVOS),06/10/2026,GREEN ✅
Bayer Leverkusen,Sporting,Bundesliga,98%,98%,67% (FAVORITO),1.5+ (AMBOS TEMPOS),10.5 (HT: 5 | FT: 5),5.5 (HT: 1 | FT: 3),15+ (HT: 5 | FT: 9),7+ (GOLEIROS ATIVOS),06/10/2026,GREEN ✅
Inter Milan,Milan,Bundesliga,89%,89%,77% (FAVORITO),1.5+ (AMBOS TEMPOS),10.5 (HT: 4 | FT: 6),4.5 (HT: 1 | FT: 3),18+ (HT: 6 | FT: 8),6+ (GOLEIROS ATIVOS),06/10/2026,GREEN ✅
Man City,Sporting,UEFA Champions League,98%,98%,66% (FAVORITO),1.5+ (AMBOS TEMPOS),11.5 (HT: 3 | FT: 5),5.5 (HT: 1 | FT: 3),15+ (HT: 7 | FT: 9),8+ (GOLEIROS ATIVOS),06/10/2026,GREEN ✅
